<?xml version="1.0" encoding="UTF-8"?>
<!DOCTYPE configuration PUBLIC "-//mybatis.org//DTD Config 3.0//EN" "HTTP://mybatis.org/dtd/mybatis-3-config.dtd">
<configuration>
 <settings>
  <setting name="cacheEnabled" value="true" />
  <!--<setting name="lazyLoadingEnabled" value="true" /> -->
  <setting name="aggressiveLazyLoading" value="true" />
  <setting name="multipleResultSetsEnabled" value="true" />
  <setting name="useColumnLabel" value="true" />
  <!-- <setting name="autoMappingBehavior" value="false" /> -->
  <setting name="useGeneratedKeys" value="true" />
  <setting name="defaultExecutorType" value="REUSE" />
  <setting name="defaultStatementTimeout" value="5000" />
 </settings>
 
 <typeAliases>
 	<typeAlias alias="Seat_Member" type="com.ds.seat.vo.Seat_Member"/>
 </typeAliases>
 
</configuration>
