<?xml version="1.0" encoding="UTF-8"?>
<beans xmlns="http://www.springframework.org/schema/beans"
	xmlns:xsi="http://www.w3.org/2001/XMLSchema-instance"
	xmlns:redis="http://www.springframework.org/schema/redis"
	xsi:schemaLocation="http://www.springframework.org/schema/beans http://www.springframework.org/schema/beans/spring-beans.xsd
		http://www.springframework.org/schema/redis http://www.springframework.org/schema/redis/spring-redis.xsd">

	<bean id="connectionFactory" class="org.springframework.data.redis.connection.jedis.JedisConnectionFactory">
		<property name="hostName" value="127.0.0.1" />
		<property name="port" value="6379" />
		<property name="password" value="class601" />
		<property name="usePool" value="true" />
	</bean>
	
	<bean id="redisTemplate" class="org.springframework.data.redis.core.RedisTemplate">
		<property name="connectionFactory" ref="connectionFactory" />
	</bean>
</beans>
